pdb, receptor_chain_id, receptor_sequence, peptide_chain_id, peptide_sequence
'1czy', 'C', 'AMADLEQKVLEMEASTYDGVFIWKISDFPRKRQEAVAGRIPAIFSPAFYTSRYGYKMCLRIYLNGDGTGRGTHLSLFFVVMKGPNDALLRWPFNQKVTLMLLDQNNREHVIDAFRPDVTSSSFQRPVNDMNIASGCPLFCPVSKMEAKNSYVRDDAIFIKAIVDLTGL', 'E', 'PQQATDD'
'1eg4', 'A', 'GPASQHFLSTSVQGPWERAISPNKVPYYINHETQTTCWDHPKMTELYQSLADLNNVRFSAYRTAMKLRRLQKALCLDLLSLSAACDALDQHNLKQNDQPMDILQIINCLTTIYDRLEQEHNNLVNVPLCVDMCLNWLLNVYDTGRTGRIRVLSFKTGIISLCKAHLEDKYRYLFKQVASSTGFCDQRRLGLLLHDSIQIPRQLGEVASFGGSNIEPSVRSCFQFANNKPEIEAALFLDWMRLEPQSMVWLPVLHRVAAAET', 'P', 'KNMTPYRSPPPYVPP'
'1elw', 'A', 'MEQVNELKEKGNKALSVGNIDDALQCYSEAIKLDPHNHVLYSNRSAAYAKKGDYQKAYEDGCKTVDLKPDWGKGYSRKAAALEFLNRFEEAKRTYEEGLKHEANNPQLKEGLQNMEAR', 'C', 'GPTIEEVD'
'1jd5', 'A', 'DVQPETCRPSAASGNYFPQYPEYAIETARLRTFEAWPRNLKQKPHQLAEAGFFYTGVGDRVRCFSCGGGLMDWNDNDEPWEQHALWLSQCRFVKLMKGQLYIDTVAAKPVLAEEKEESTSIGGD', 'B', 'AIAYFIPDQA'
'1jwg', 'B', 'MEPAMEPETLEARINRATNPLNKELDWASINGFCEQLNEDFEGPPLATRLLAHKIQSPQEWEAIQALTVLETCMKSCGKRFHDEVGKFRFLNELIKVVSPKYLGSRTSEKVKNKILELLYSWTVGLPEEVKIAEAYQMLKKQGIVKS', 'D', 'SFHDDSDEDLLHI'
'1mfg', 'A', 'GSMEIRVRVEKDPELGFSISGGVGGRGNPFRPDDDGIFVTRVQPEGPASKLLQPGDKIIQANGYSFINIEHGQAVSLLKTFQNTVELIIVREVSS', 'B', 'EYLGLDVPV'
'1ntv', 'A', 'GQDRSEATLIKRFKGEGVRYKAKLIGIDEVSAARGDKLCQDSMMKLKGVVAGARSKGEHKQKIFLTISFGGIKIFDEKTGALQHHHAVHEISYIAKDITDHRAFGYVCGKEGNHRFVAIKTAQAAEPVILDLRDLFQLIYELKQREELEKKA', 'B', 'NFDNPVYRKT'
'1rxz', 'A', 'MIDVIMTGELLKTVTRAIVALVSEARIHFLEKGLHSRAVDPANVAMVIVDIPKDSFEVYNIDEEKTIGVDMDRIFDISKSISTKDLVELIVEDESTLKVKFGSVEYKVALIDPSAIRKEPRIPELELPAKIVMDAGEFKKAIAAADKISDQVIFRSDKEGFRIEAKGDVDSIVFHMTETELIEFNGGEARSMFSVDYLKEFCKVAGSGDLLTIHLGTNYPVRLVFELVGGRAKVEYILAPRIESE', 'B', 'KSTQATLERWF'
'1ssh', 'A', 'GSSPKAVALYSFAGEESGDLPFRKGDVITILKKSDSQNDWWTGRVNGREGIFPANYVELV', 'B', 'EGPPPAMPARPT'
'1x2r', 'A', 'TLHKPTQAVPCRAPKVGRLIYTAGGYFRQSLSYLEAYNPSNGSWLRLADLQVPRSGLAGCVVGGLLYAVGGRNNSPDGNTDSSALDCYNPMTNQWSPCASMSVPRNRIGVGVIDGHIYAVGGSHGCIHHSSVERYEPERDEWHLVAPMLTRRIGVGVAVLNRLLYAVGGFDGTNRLNSAECYYPERNEWRMITPMNTIRSGAGVCVLHNCIYAAGGYDGQDQLNSVERYDVETETWTFVAPMRHHRSALGITVHQGKIYVLGGYDGHTFLDSVECYDPDSDTWSEVTRMTSGRSGVGVAVTMEPCRKQIDQQNCTC', 'B', 'LDEETGEFL'
'2a3i', 'A', 'RALTPSPVMVLENIEPEIVYAGYDSSKPDTAENLLSTLNRLAGKQMIQVVKWAKVLPGFKNLPLEDQITLIQYSWMSLSSFALSWRSYKHTNSQFLYFAPDLVFNEEKMHQSAMYELCQGMHQISLQFVRLQLTFEEYTIMKVLLLLSTIPKDGLKSQAAFEEMRTNYIKELRKMVTKCPNNSGQSWQRFYQLTKLLDSMHDLVSDLLEFCFYTFRESHALKVEFPAMLVEIISDQLPKVESGNAKPLYFHRK', 'B', 'QQKSLLQQLLTE'
'2cch', 'D', 'NEVPDYHEDIHTYLREMEVKCKPKVGYMKKQPDITNSMRAILVDWLVEVGEEYKLQNETLHLAVNYIDRFLSSMSVLRGKLQLVGTAAMLLASKFEEIYPPEVAEFVYITDDTYTKKQVLRMEHLVLKVLTFDLAAPTVNQFLTQYFLHQQPANCKVESLAMFLGELSLIDADPYLKYLPSVIAGAAFHLALYTVTGQSWPESLIRKTGYTLESLKPCLMDLHQTYLKAPQHAQQSIREKYKNSKYHGVSLLNPPETLNL', 'F', 'HTLKGRRLVFDN'
'1awr', 'C', 'VNPTVFFDIAVDGEPLGRVSFELFADKVPKTAENFRALSTGEKGFGYKGSCFHRIIPGFMCQGGDFTRHNGTGGKSIYGEKFEDENFILKHTGPGILSMANAGPNTNGSQFFICTAKTEWLDGKHVVFGKVKEGMNIVEAMERFGSRNGKTSKKITIADCGQLE', 'I', 'HAGPIA'
'1er8', 'E', 'STGSATTTPIDSLDDAYITPVQIGTPAQTLNLDFDTGSSDLWVFSSETTASEVDGQTIYTPSKSTTAKLLSGATWSISYGDGSSSSGDVYTDTVSVGGLTVTGQAVESAKKVSSSFTEDSTIDGLLGLAFSTLNTVSPTQQKTFFDNAKASLDSPVFTADLGYHAPGTYNFGFIDTTAYTGSITYTAVSTKQGFWEWTSTGYAVGSGTFKSTSIDGIADTGTTLLYLPATVVSAYWAQVSGAKSSSSVGGYVFPCSATLPSFTFGVGSARIVIPGDYIDFGPISTGSSSCFGGIQSSAGIGINIFGDVALKAAFVVFNGATTPTLGFASK', 'I', 'HPFHLLVY'
'1nvr', 'A', 'MAVPFVEDWDLVQTLGEGAYGEVQLAVNRVTEEAVAVKIVDMKRAVDCPENIKKEICINKMLNHENVVKFYGHRREGNIQYLFLEYCSGGELFDRIEPDIGMPEPDAQRFFHQLMAGVVYLHGIGITHRDIKPENLLLDERDNLKISDFGLATVFRYNNRERLLNKMCGTLPYVAPELLKRREFHAEPVDVWSCGIVLTAMLAGELPWDQPSDSCQEYSDWKEKKTYLNPWKKIDSAPLALLHKILVENPSARITIPDIKKDRWYNKPLKKGAKRPRVTSGGVSESPSG', 'B', 'ASVSA'
'1nx1', 'A', 'EEVRQFRRLFAQLAGDDMEVSATELMNILNKVVTRHPDLKTDGFGIDTCRSMVAVMDSDTTGKLGFEEFKYLWNNIKKWQAIYKQFDVDRSGTIGSSELPGAFEAAGFHLNEHLYSMIIRRYSDEGGNMDFDNFISCLVRLDAMFRAFKSLDKDGTGQIQVNIQEWLQLTMYS', 'C', 'DAIDALSSDFT'
'1ou8', 'B', 'MEYKSSPKRPYLLRAYYDWLVDNSFTPYLVVDATYLGVNVPVEYVKDGQIVLNLSASATGNLQLTNDFIQFNARFKGVSRELYIPMGAALAIYARENGDGVMFEPEEIYDE', 'D', 'GRHGAANDENY'
'1u00', 'A', 'MDVIPLSLGLETMGGLVEKVIPRNTTIPVARAQDFTTFKDGQTAMSIHVMQGERELVQDCRSLARFALRGIPALPAGGAHIRVTFQVDADGLLSVTAMEKSTGVEASIQVKPSYGLTDSEIASMIKDSMSYAEQDVKARMLAEQKVEAARVLESLHGALAADAALLSAAERQVIDDAAAHLSEVAQGDDVDAIEQAIKNVDKQTQDFAARRMDQSVRRALKGHSVDE', 'P', 'ELPPVKIHC'
'2b9h', 'A', 'MPKRIVYNISSDFQLKSLLGEGAYGVVCSATHKPTGEIVAIKKIEPFDKPLFALRTLREIKILKHFKHENIITIFNIQRPDSFENFNEVYIIQELMQTDLHRVISTQMLSDDHIQYFIYQTLRAVKVLHGSNVIHRDLKPSNLLINSNCDLKVCDFGLARIIDESAADNSEPTGQQSGMVEFVATRWYRAPEVMLTSAKYSRAMDVWSCGCILAELFLRRPIFPGRDYRHQLLLIFGIIGTPHSDNDLRCIESPRAREYIKSLPMYPAAPLEKMFPRVNPKGIDLLQRMLVFDPAKRITAKEALEHPYLQTYHDPNDEPEGEPIPPSFFEFDHYKEALTTKDLKKLIWNEIFS', 'C', 'RRNLKGLNLNLHPD'
'2c3i', 'B', 'MLLSKINSLAHLRAAPCNDLHATKLAPGKEKEPLESQYQVGPLLGSGGFGSVYSGIRVSDNLPVAIKHVEKDRISDWGELPNGTRVPMEVVLLKKVSSGFSGVIRLLDWFERPDSFVLILERPEPVQDLFDFITERGALQEELARSFFWQVLEAVRHCHNCGVLHRDIKDENILIDLNRGELKLIDFGSGALLKDTVYTDFDGTRVYSPPEWIRYHRYHGRSAAVWSLGILLYDMVCGDIPFEHDEEIIGGQVFFRQRVSSECQHLIRWCLALRPSDRPTFEEIQNHPWMQDVLLPQETAEIHLHSLSPGPSK', 'A', 'KRRRHPSG'
'2ds8', 'B', 'TDKRKDGSGKLLYCSFCGKSQHEVRKLIAGPSVYICDECVDLCNDIIREEI', 'P', 'APALRVVK'
'2fmf', 'A', 'MADKELKFLVVDDFSTMRRIVRNLLKELGFNNVEEAEDGVDALNKLQAGGFGFIISDWNMPNMDGLELLKTIRADSAMSALPVLMVTAEAKKENIIAAAQAGASGYVVKPFTAATLEEKLNKIFEKLGM', 'B', 'ASQDQVDDLLDSLGF'
'2h9m', 'C', 'GSTQSKPTPVKPNYALKFTLAGHTKAVSSVKFSPNGEWLASSSADKLIKIWGAYDGKFEKTISGHKLGISDVAWSSDSNLLVSASDDKTLKIWDVSSGKCLKTLKGHSNYVFCCNFNPQSNLIVSGSFDESVRIWDVKTGKCLKTLPAHSDPVSAVHFNRDGSLIVSSSYDGLCRIWDTASGQCLKTLIDDDNPPVSFVKFSPNGKYILAATLDNTLKLWDYSKGKCLKTYTGHKNEKYCIFANFSVTGGKWIVSGSEDNLVYIWNLQTKEIVQKLQGHTDVVISTACHPTENIIASAALENDKTIKLWKSDC', 'D', 'ARTKQTARKST'
'2hpl', 'A', 'SASPAVAELCQNTPETFLEASKLLLTYADNILRNPSDEKYRSIRIGNTAFSTRLLPVRGAVECLFEMGFEEGETHLIFPKKASVEQLQKIRDLIAIERSS', 'B', 'DDLYG'
'2o02', 'A', 'MDKNELVQKAKLAEQAERYDDMAACMKSVTEQGAELSNEERNLLSVAYKNVVGARRSSWRVVSSIEQKTEGAEKKQQMAREYREKIETELRDICNDVLSLLEKFLIPNASQAESKVFYLKMKGDYYRYLAEVAAGDDKKGIVDQSQQAYQEAFEISKKEMQPTHPIRLGLALNFSVFYYEILNSPEKACSLAKTAFDEAIAELDTLSEESYKDSTLIMQLLRDNLTLWTS', 'P', 'GHGQGLLDALDLAS'
'3d1e', 'A', 'MKFTVEREHLLKPLQQVSGPLGGRPTLPILGNLLLQVADGTLSLTGTDLEMEMVARVALVQPHEPGATTVPARKFFDICRGLPEGAEIAVQLEGERMLVRSGRSRFSLSTLPAADFPNLDDWQSEVEFTLPQATMKRLIEATQFSMAHQDVRYYLNGMLFETEGEELRTVATDGHRLAVCSMPIGQSLPSHSVIVPRKGVIELMRMLDGGDNPLRVQIGSNNIRAHVGDFIFTSKLVDGRFPDYRRVLPKNPDKHLEAGCDLLKQAFARAAILSNEKFRGVRLYVSENQLKITANNPEQEEAEEILDVTYSGAEMEIGFNVSYVLDVLNALKCENVRMMLTDSVSSVQIEDAASQSAAYVVMPMRL', 'P', 'TLMTGQLGLF'
'1bjr', 'E', 'AAQTNAPWGLARISSTSPGTSTYYYDESAGQGSCVYVIDTGIEASHPEFEGRAQMVKTYYYSSRDGNGHGTHCAGTVGSRTYGVAKKTQLFGVKVLDDNGSGQYSTIIAGMDFVASDKNNRNCPKGVVASLSLGGGYSSSVNSAAARLQSSGVMVAVAAGNNNADARNYSPASEPSVCTVGASDRYDRRSSFSNYGSVLDIFGPGTSILSTWIGGSTRSISGTSMATPHVAGLAAYLMTLGKTTAASACRYIADTANKGDLSNIPFGTVNLLAYNNYQA', 'I', 'VAQGGAAGLA'
'1d4t', 'A', 'MDAVAVYHGKISRETGEKLLLATGLDGSYLLRDSESVPGVYCLCVLYHGYIYTYRVSQTETGSWSAETAPGVHKRYFRKIKNLISAFQKPDQGIVIPLQYPVEK', 'B', 'KSLTIYAQVQK'
'1ee5', 'A', 'QELPQMTQQLNSDDMQEQLSATVKFRQILSREHRPPIDVVIQAGVVPRLVEFMRENQPEMLQLEAAWALTNIASGTSAQTKVVVDADAVPLFIQLLYTGSVEVKEQAIWALGNVAGDSTDYRDYVLQCNAMEPILGLFNSNKPSLIRTATWTLSNLCRGKKPQPDWSVVSQALPTLAKLIYSMDTETLVDACWAISYLSDGPQEAIQAVIDVRIPKRLVELLSHESTLVQTPALRAVGNIVTGNDLQTQVVINAGVLPALRLLLSSPKENIKKEACWTISNITAGNTEQIQAVIDANLIPPLVKLLEVAEDKTKKEACWAISNASSGGLQRPDIIRYLVSQGCIKPLCDLLEIADNRIIEVTLDALENILKMGEADKEARGLNINENADFIEKAGGMEKIFNCQQNENDKIYEKAYKIIETYFG', 'B', 'AVKRPAATKKAGQAKKKKL'
'1fiw', 'A', 'IIGGQDAAHGAWPWMVSLQIFTYHNNRRYHVCGGSLLNSQWLLTAAHCFRIKKKVTDWRLIFGAKEVEWGTNKPVKPPLQERYVEKIIIHEKYSASSEANDIALMKITPPVTCGHFIGPGCLPQFRAGPPRVPQTCWVAGWGFLQENARRTSPMLQEARVDLIDLGLCNSTRWYNGRIRSTNVCAGYPEGKIDTCQGDSGGPLMCKDSAENSYVVVGITSWGVGCARAKRPGVYTSTWSYLNWIASKIGSTAVHMIQLPTASPASTPGAQASSGSVQPSVRPPWFFQQIT', 'L', 'DNTTCDGPCGVRFRQNRQGGVR'
'1ky6', 'A', 'GSPGIRLGSSEDNFARFVCKNNGVLFENQLLQIGLKSEFRQNLGRMFIFYGNKTSTQFLNFTPTLICADDLQTNLNLQTKPVDPTVDGGAQVQQVVNIECISDFTEAPVLNIQFRYGGTFQNVSVKLPITLNKFFQPTEMASQDFFQRWKQLSNPQQEVQNIFKAKHPMDTEITKAKIIGFGSALLEEVDPNPANFVGAGIIHTKTTQIGCLLRLEPNLQAQMYRLTLRTSKDTVSQRLCELLSEQF', 'P', 'FSDPWGG'
'1ssc', 'A', 'KETAAAKFERQHMDSSTSAASSSNYCNQMMKSRNLTKDRCKPVNTFVHESLADVQAVCSQKNVACKNGQTNCYQSYSTMSITDCRETGSSKYPNCAYKTTQANKHIIVACEG', 'B', 'PYVPVHFDASV'
'1t3l', 'A', 'SRPSDSDVSLEEDREAVRREAERQAQAQLEKAKTKPVAFAVRTNVSYSAAHEDDVPVPGMAISFEAKDFLHVKEKFNNDWWIGRLVKEGCEIGFIPSRVKLENMRLQHEQRAKEFKLHSKEKRMPFFKKTEHTPPYDVVPSMRPVVLVGPSLKGYEVTDMMQKALFDFLKHRFEGRISITRVTADISLAKRSVLNNPSKHAIIERSNTRSSLAEVQSEIERIFELARTLQLVVLDADTINHPAQLSKTSLAPIVVYVKISSPKVLQRLIKSRGKSQAKHLNVQMVAADKLAQCPPELFDVILDENQLEDACEHLADYLEAYWKATHPPSSNLPNPLL', 'B', 'QQLEEDLRGYMSWITQGE'
'1t4f', 'M', 'GSQIPASEQETLVRPKPLLLKLLKSVGAQKDTYTMKEVLFYLGQYIMTKRLYDEKQQHIVYCSNDLLGDLFGVPSFSVKEHRKIYTMIYRNLVVVNQQESSDSGTSVSEN', 'P', 'RFMDYWEGL'
'1t5z', 'A', 'CQPIFLNVLEAIEPGVVCAGHDNNQPDSFAALLSSLNELGERQLVHVVKWAKALPGFRNLHVDDQMAVIQYSWMGLMVFAMGWRSFTNVNSRMLYFAPDLVFNEYRMHKSRMYSQCVRMRHLSQEFGWLQITPQEFLCMKALLLFSIIPVDGLKNQKFFDELRMNYIKELDRIIACKRKNPTSCSRRFYQLTKLLDSVQPIARELHQFTFDLLIKSHMVSVDFPEMMAEIISVQVPKILSGKVKPIYFHTQ', 'B', 'RETSEKFKLLFQSYN'
'2b1n', 'A', 'DAPESWDWSKKGVITKVKFQGQCGSGWAFSATGAIEAAHAIATGNLVSLSEQELIDCVDESEGCYNGWHYQSFEWVVKHGGIASEADYPYKARDGKCKANEIQDKVTIDNYGVQILSNESTESEAESSLQSFVLEQPISVSIDAKDFHFYSGGIYDGGNCSSPYGINHFVLIVGYGSEDGVDYWIAKNSWGEDWGIDGYIRIQRNTGNLLGVCGMNYFASYPIIEKSETLKFGRVKADPRVEHSPL', 'B', 'KASVG'
'2cnz', 'A', 'GSDLTVSLIPVSGLKAGKNAPSAKIAKLVVNSTTLKEFGVRGISNNVVDSTGTAWRVAGKNTGKEIGVGLSSDSLRRSDSTEKWNGVNWMTFNSNDTLDIVLTGPAQNVTADTYPITLDVVGYQP', 'B', 'GSFLPNSEQQKSADIVFSSP'
'2f31', 'A', 'SAMMYIQELRSGLRDMHLLSCLESLRVSLNNNPVSWVQTFGAEGLASLLDILKRLHDEKEETSGNYDSRNQHEIIRCLKAFMNNKFGIKTMLETEEGILLLVRAMDPAVPNMMIDAAKLLSALCILPQPEDMNERVLEAMTERAEMDEVERFQPLLDGLKSGTSIALKVGCLQLINALITPAEELDFRVHIRSELMRLGLHQVLQELREIENEDMKVQLCVFDEQGDEDFFDL', 'B', 'DETGVMDSLLEALQSGAAFR'
'2hwl', 'B', 'IVEGSDAEIGMSPWQVMLFRKSPQELLCGASLISDRWVLTAAHCLLYPPWDKNFTENDLLVRIGKHSRTRYEANIEKISMLEKIYIHPRYNWRENLDRDIALMKLKKPVAFSDYIHPVCLPDRETAASLLQAGYKGRVTGWGNLKETWTANVGKGQPSVLQVVNLPIVERPVCKDSTRIRITDNMFCAGYKPDEGKRGDACEGDSGGPFVMKSPFNNRWYQMGIVSWGEGCDRDGKYGFYTHVFRLKKWIQKVIDQFGE', 'A', 'TFGSGEADCGLRPLFEKKSLEDKTERELLESYIDGR'
'2np0', 'A', 'PVTINNFNYNDPIDNNNIIMMEPPFARGTGRYYKAFKITDRIWIIPERYTFGYKPEDFNKSSGIFNRDVCEYYDPDYLNTNDKKNIFLQTMIKLFNRIKSKPLGEKLLEMIINGIPYLGDRRVPLEEFNTNIASVTVNKLISNPGEVERKKGIFANLIIFGPGPVLNENETIDIGIQNHFASREGFGGIMQMKFCPEYVSVFNNVQENKGASIFNRRGYFSDPALILMHELIHVLHGLYGIKVDDLPIVPNEKKFFMQSTDAIQAEELYTFGGQDPSIITPSTDKSIYDKVLQNFRGIVDRLNKVLVCISDPNININIYKNKFKDKYKFVEDSEGKYSIDVESFDKLYKSLMFGFTETNIAENYKIKTRASYFSDSLPPVKIKNLLDNEIYTIEEGFNISDKDMEKEYRGQNKAINKQAYEEISKEHLAVYKIQMCKSVKAPGICIDVDNEDLFFIADKNSFSDDLSKNERIEYNTQSNYIENDFPINELILDTDLISKIELPSENTESLTDFNVDVPVYEKQPAIKKIFTDENTIFQYLYSQTFPLDIRDISLTSSFDDALLFSNKVYSFFSMDYIKTANKVVEAGLFAGWVKQIVNDFVIEANKSNTMDKIADISLIVPYIGLALNVGNETAKGNFENAFEIAGASILLEFIPELLIPVVGAFLLESYIDNKNKIIKTIDNALTKRNEKWSDMYGLIVAQWLSTVNTQFYTIKEGMYKALNYQAQALEEIIKYRYNIYSEKEKSNINIDFNDINSKLNEGINQAIDNINNFINGCSVSYLMKKMIPLAVEKLLDFDNTLKKNLLNYIDENKLYLIGSAEYEKSKVNKYLKTIMPFDLSIYTNDTILIEMFNKYNSEILNNIILNLRYKDNNLIDLSGYGAKVEVYDGVELNDKNQFKLTSSANSKIRVTQNQNIIFNSVFLDFSVSFWIRIPKYKNDGIQNYIHNEYTIINCMKNNSGWKISIRGNRIIWTLIDINGKTKSVFFEYNIREDISEYINRWFFVTITNNLNNAKIYINGKLESNTDIKDIREVIANGEIIFKLDGDIDRTQFIWMKYFSIFNTELSQSNIEERYKIQSYSEYLKDFWGNPLMYNKEYYMFNAGNKNSYIKLKKDSPVGEILTRSKYNQNSKYINYRDLYIGEKFIIRRKSNSQSINDDIVRKEDYIYLDFFNLNQEWRVYTYKYFKKEEEKLFLAPISDSDEFYNTIQIKEYDEQPTYSCQLLFKKDEESTDEIGLIGIHRFYESGIVFEEYKDYFCISKWYLKEVKRKPYNLKLGCNWQFIPKDEGWTE', 'B', 'GESQEDMFAKLKEKFFNEINK'
'2qos', 'C', 'ASPISTIQPKANFDAQQFAGTWLLVAVGSAARFLQEQGHRAEATTLHVAPQGTAMAVSTFRKLDGICWQVRQLYGDTGVLGRFLLQARGARGAVHVVVAETDYQSFAVLYLERAGQLSVKLYARSLPVSDSVLSGFEQRVQEAHLTEDQIFYFPKYGFCEAADQFHVLDEVRR', 'A', 'LRYDSTAERLY'
'2v8x', 'A', 'MATVEPETTPTPNPPTTEEEKTESNQEVANPEHYIKHPLQNRWALWFFKNDKSKTWQANLRLISKFDTVEDFWALYNHIQLSSNLMPGCDYSLFKDGIEPMWEDEKNKRGGRWLITLNKQQRRSDLDRFWLETLLCLIGESFDDYSDDVCGAVVNVRAKGDKIAIWTTECENREAVTHIGRVYKERLGLPPKIVIGYQSHADTATKSGSTTKNRFVV', 'B', 'RIIYDRKFLMECRN'
'2xyi', 'A', 'MVDRSDNAAESFDDAVEERVINEEYKIWKKNTPFLYDLVMTHALEWPSLTAQWLPDVTKQDGKDYSVHRLILGTHTSDEQNHLLIASVQLPSEDAQFDGSHYDNEKGEFGGFGSVCGKIEIEIKINHEGEVNRARYMPQNACVIATKTPSSDVLVFDYTKHPSKPEPSGECQPDLRLRGHQKEGYGLSWNPNLNGYLLSASDDHTICLWDINATPKEHRVIDAKNIFTGHTAVVEDVAWHLLHESLFGSVADDQKLMIWDTRNNNTSKPSHTVDAHTAEVNCLSFNPYSEFILATGSADKTVALWDLRNLKLKLHSFESHKDEIFQVQWSPHNETILASSGTDRRLHVWDLSKIGEEQSTEDAEDGPPELLFIHGGHTAKISDFSWNPNEPWIICSVSEDNIMQVWQMAENVYNDEEPEIPASELETNTA', 'B', 'IQGITKPAIRRLARRGGVKR'
'2z5n', 'A', 'MEYEWKPDEQGLQQILQLLKESQSPDTTIQRTVQQKLEQLNQYPDFNNYLIFVLTKLKSEDEPTRSLSGLILKNNVKAHFQNFPNGVTDFIKSECLNNIGDSSPLIRATVGILITTIASKGELQNWPDLLPKLCSLLDSEDYNTCEGAFGALQKICEDSAEILDSDVLDRPLNIMIPKFLQFFKHSSPKIRSHAVACVNQFIISRTQALMLHIDSFIENLFALAGDEEPEVRKNVCRALVMLLEVRMDRLLPHMHNIVEYMLQRTQDQDENVALEACEFWLTLAEQPICKDVLVRHLPKLIPVLVNGMKYSDIDIILLKGDVEEDETIPDSEQDIRPRFHRSRTVAQQHDEDGIEEEDDDDDEIDDDDTISDWNLRKCSAAALDVLANVYRDELLPHILPLLKELLFHHEWVVKESGILVLGAIAEGCMQGMIPYLPELIPHLIQCLSDKKALVRSITCWTLSRYAHWVVSQPPDTYLKPLMTELLKRILDSNKRVQEAACSAFATLEEEACTELVPYLAYILDTLVFAFSKYQHKNLLILYDAIGTLADSVGHHLNKPEYIQMLMPPLIQKWNMLKDEDKDLFPLLECLSSVATALQSGFLPYCEPVYQRCVNLVQKTLAQAMLNNAQPDQYEAPDKDFMIVALDLLSGLAEGLGGNIEQLVARSNILTLMYQCMQDKMPEVRQSSFALLGDLTKACFQHVKPCIADFMPILGTNLNPEFISVCNNATWAIGEISIQMGIEMQPYIPMVLHQLVEIINRPNTPKTLLENTAITIGRLGYVCPQEVAPMLQQFIRPWCTSLRNIRDNEEKDSAFRGICTMISVNPSGVIQDFIFFCDAVASWINPKDDLRDMFCKILHGFKNQVGDENWRRFSDQFPLPLKERLAAFYGV', 'B', 'YSNQQSGYGKVSRRGGHQNSYKPY'
'3ask', 'A', 'SLYKVNEYVDARDTNMGAWFEAQVVRVTRKAPSRPALEEDVIYHVKYDDYPENGVVQMNSRDVRARARTIIKWQDLEVGQVVMLNYNPDNPKERGFWYDAEISRKRETRTARELYANVVLGDDSLNDCRIIFVDEVFKIERPGEGSPMVDNPMRRKSGPSCKHCKDDVNRLCRVCACHLCGGRQDPDKQLMCDECDMAFHIYCLDPPLSSVPSEDEWYCPECRNDA', 'P', 'ARTKQTARKSTGG'
'3ayu', 'A', 'YNFFPRKPKWDKNQITYRIIGYTPDLDPETVDDAFARAFQVWSDVTPLRFSRIHDGEADIMINFGRWEHGDGYPFDGKDGLLAHAFAPGTGVGGDSHFDDDELWTLGKGVGYSLFLVAAHAFGHAMGLEHSQDPGALMAPIYTYTKNFRLSQDDIKGIQELYGASPD', 'B', 'ISYGNDALMP'
'3brh', 'A', 'MDQREILQKFLDEAQSKKITKEEFANEFLKLKRQSTKYKADKTYPTTVAEKPKNIKKNRYKDILPYDYSRVELSLITSDEDSSYINANFIKGVYGPKAYIATQGPLSTTLLDFWRMIWEYSVLIIVMACMEYEMGKKKCERYWAEPGEMQLEFGPFSVSCEAEKRKSDYIIRTLKVKFNSETRTIYQFHYKNWPAHDVPSSIDPILELIWDVRCYQEDDSVPICIHSSAGCGRTGVICAIDYTWMLLKDGIIPENFSVFSLIREMRTQRPSLVQTQEQYELVYNAVLELFKRQMDVIRDKHSGTESQAKH', 'C', 'DNEYTAR'
'3c3o', 'A', 'MHHHHHHHHHHSGQNLYFQGHMATFISVQLKKTSEVDLAKPLVKFIQQTYPSGGEEQAQYCRAAEELSKLRRAAVGRPLDKHEGALETLLRYYDQICSIEPKFPFSENQICLTFTWKDAFDKGSLFGGSVKLALASLGYEKSCVLFNCAALASQIAAEQNLDNDEGLKIAAKHYQFASGAFLHIKETVLSALSREPTVDISPDTVGTLSLIMLAQAQEVFFLKATRDKMKDAIIAKLANQAADYFGDAFKQCQYKDTLPKEVFPVLAAKHCIMQANAEYHQSILAKQQKKFGEEIARLQHAAELIKTVASRYDEYVNVKDFSDKINRALAAAKKDNDFIYHDRVPDLKDLDPIGKATLVKSTPVNVPISQKFTDLFEKMV', 'B', 'DEEALKQLAEWVS'
'3cvl', 'A', 'GHMLQNNTDYPFEANNPYMYHENPMEEGLSMLKLANLAEAALAFEAVCQAAPEREEAWRSLGLTQAENEKDGLAIIALNHARMLDPKDIAVHAALAVSHTNEHNANAALASLRAWLLSQPQYEQLGSVNLQADVDIDDLNVQSEDFFFAAPNEYRECRTLLHAALEMNPNDAQLHASLGVLYNLSNNYDSAAANLRRAVELRPDDAQLWNKLGATLANGNRPQEALDAYNRALDINPGYVRVMYNMAVSYSNMSQYDLAAKQLVRAIYMQVGGTTPTGEASREATRSMWDFFRMLLNVMNRPDLVELTYAQNVEPFAKEFGLQSMLL', 'B', 'HEELAKL'
'3n2d', 'A', 'DVSFRLSGADPSSYGMFIKDLRNALPHTEKVYNIPLLLPSVSGAGRYLLMHLFNYDGNTITVAVDVTNVYIMGYLALTTSYFFNEPAADLASQYVFRSARRKITLPYSGNYERLQIAAGKPREKIPIGLPALDTAISTLLHYDSTAAAGALLVLIQTTAEAARFKYIEQQIQERAYRDEVPSSATISLENSWSGLSKQIQLAQGNNGVFRTPTVLVDSKGNRVQITNVTSNVVTSNIQLLLNTKNI', 'B', 'SDDDMG'
'3n55', 'A', 'SNAMFAPQGLAQFIKVNVTLENGEPVFIYTDANGQVCQGDITVTQAGTITYLLNDQTLKGLKFVGVGFVTPFDGIIDAVTISSDGMLVQLVDLDKTPGTTKFQFVLSNTANTLLVLSPD', 'B', 'PQIINRPQN'
'3n5u', 'A', 'MSDSEKLNLDSIIGRLLEVQGSRPGKNVQLTENEIRGLCLKSREIFLSQPILLELEAPLKICGDIHGQYYDLLRLFEYGGFPPESNYLFLGDYVDRGKQSLETICLLLAYKIKYPENFFLLRGNHECASINRIYGFYDECKRRYNIKLWKTFTDCFNCLPIAAIVDEKIFCCHGGLSPDLQSMEQIRRIMRPTDVPDQGLLCDLLWSDPDKDVQGWGENDRGVSFTFGAEVVAKFLHKHDLDLICRAHQVVEDGYEFFAKRQLVTLFSAPNYCGEFDNAGAMMSVDETLMCSFQILKPAD', 'C', 'KPLKKLRFDIEGS'
'3pkn', 'A', 'GPLGSPLTASMLASAPPQEQKQMLGERLFPLIQAMHPTLAGKITGMLLEIDNSELLHMLESPESLRSKVDEAVAVLQAHQAKEAAQKA', 'B', 'TGLNPNAKVWQEIA'
'3r42', 'A', 'GAMSANGKISVPEAVVNWLFKVIQPIYNDGRTTFHDSLALLDNFHSLRPRTRVFTHSDGTPQLLLSIYGTISTGEDGSSPHSIPVIMWVPSMYPVKPPFISINLENFDMNTISSSLPIQEYIDSNGWIALPILHAWDPAAMNLIMVVQELMSLLHEPPQDQA', 'B', 'QVPSDPYNY'
'3r7g', 'A', 'GSGEGPREPGAAGGAAGGSRDALSLEEILRLYNQPINEEQAWAVCYQCCGSLRAAARRRQPRHRVRSAAQIRVWRDGAVTLAPAADDAGEPPPVAGKLGYSQCMETEVIESLGIIIYKALDYGLKENEERELSPPLEQLIDHMANTVEADGSNDEGYEAAEEGLGDEDEKRKISAIRSYRDVMKLCAAHLPTESDAPNHYQAVCRALFAETMELHTFLTK', 'B', 'KSLYKIKPRHDSGIKAKISMKT'
'3rc4', 'A', 'GSHMASMKKKGSVVIVGRINLSGDTAYAQQTRGEEGCQETSQTGRDKNQVEGEVQIVSTATQTFLATSINGVLWTVYHGAGTRTIASPKGPVTQMYTNVDKDLVGWQAPQGSRSLTPCTCGSSDLYLVTRHADVIPVRRRGDSRGSLLSPRPISYLKGSAGGPLLCPAGHAVGIFRAAVSTRGVAKAVDFIPVESLETTMRSP', 'B', 'PPPPPPPPSSTPC'
'3ro3', 'A', 'GPGSRAAQGRAFGNLGNTHYLLGNFRDAVIAHEQRLLIAKEFGDKAAERIAYSNLGNAYIFLGEFETASEYYKKTLLLARQLKDRAVEAQSCYSLGNTYTLLQDYEKAIDYHLKHLAIAQELKDRIGEGRACWSLGNAYTALGNHDQAMHFAEKHLEISREVGD', 'B', 'RLHFMQVDSVQRWMEDLKLMTE'
'3t6j', 'A', 'MADTQYILPNDIGVSSLDCREAFRLLSPTERLYAYHLSRAAWYGGLAVLLQTSPEAPYIYALLSRLFRAQDPDQLRQHALAEGLTEEEYQAFLVYAAGVYSNMGNYKSFGDTKFVPNLPKEKLERVILGSEAAQQHPEEVRGLWQTCGELMFSLEPRLRHLGLGKEGITTYFSGNCTMEDAKLAQDFLDSQNLSAYNTRLFKEVDGEGKPYYEVRLASVLGSEPSLDSEVTSKLKSYEFRGSPFQVTRGDYAPILQKVVEQLEKAKAYAANSHQGQMLAQYIESFTQGSIEAHKRGSRFWIQDKGPIVESYIGFIESYRDPFGSRGEFEGFVAVVNKAMSAKFERLVASAEQLLKELPWPPTFEKDKFLTPDFTSLDVLTFAGSGIPAGINIPNYDDLRQTEGFKNVSLGNVLAVAYATQREKLTFLEEDDKDLYILWKGPSFDVQVGLHALLGHGSGKLFVQDEKGAFNFDQETVINPETGEQIQSWYRSGETWDSKFSTIASSYEECRAESVGLYLCLHPQVLEIFGFEGADAEDVIYVNWLNMVRAGLLALEFYTPEAFNWRQAHMQARFVILRVLLEAGEGLVTITPTTGSDGRPDARVRLDRSKIRSVGKPALERFLRRLQVLKSTGDVAGGRALYEGYATVTDAPPECFLTLRDTVLLRKESRKLIVQPNTRLEGSDVQLLEYEASAAGLIRSFSERFPEDGPELEEILTQLATADARFW', 'B', 'VVYPW'
'3vxw', 'A', 'GAHMKSTFKSEYPFEKRKAESERIADRFKNRIPVICEKAEKSDIPEIDKRKYLVPADLTVGQFVYVIRKRIMLPPEKAIFIFVNDTLPPTAALMSAIYQEHKDKDGFLYVTYSGENTFG', 'B', 'SWQAIQ'
'3wbn', 'A', 'MSEKTTKGVQLLRGDPKKAIVRLSIPMMIGMSVQTLYNLADGIWVSGLGPESLAAVGLFFPVFMGIIALAAGLGVGTSSAIARRIGARDKEGADNVAVHSLILSLILGVTITITMLPAIDSLFRSMGAKGEAVELAIEYARVLLAGAFIIVFNNVGNGILRGEGDANRAMLAMVLGSGLNIVLDPIFIYTLGFGVVGAAYATLLSMVVTSLFIAYWLFVKRDTYVDITLRDFSPSREILKDILRVGLPSSLSQLSMSIAMFFLNSVAITAGGENGVAVFTSAWRITMLGIVPILGMAAATTSVTGAAYGERNVEKLETAYLYAIKIAFMIELAVVAFIMLFAPQVAYLFTYSESAQVIKGDLISALRTLPVFLVLTPFGMMTSAMFQGIGEGEKSLILTIFRTLVMQVGFAYIFVHYTTLGLRGVWIGIVIGNMVAAIVGFLWGRMRISALKKTSATGGKR', 'B', 'AFTFRYSPSLYTWFLFPCG'
'4aph', 'A', 'LVTDEAEASKFVEEYDRTSQVVWNEYAEANWNYNTNITTETSKILLQKNMQIANHTLKYGTQARKFDVNQLQNTTIKRIIKKVQDLERAALPAQELEEYNKILLDMETTYSVATVCHPNGSCLQLEPDLTNVMATSRKYEDLLWAWEGWRDKAGRAILQFYPKYVELINQAARLNGYVDAGDSWRSMYETPSLEQDLERLFQELQPLYLNLHAYVRRALHRHYGAQHINLEGPIPAHLLGNMWAQTWSNIYDLVVPFPSAPSMDTTEAMLKQGWTPRRMFKEADDFFTSLGLLPVPPEFWNKSMLEKPTDGREVVCHASAWDFYNGKDFRIKQCTTVNLEDLVVAHHEMGHIQYFMQYKDLPVALREGANPGFHEAIGDVLALSVSTPKHLHSLNLLSSEGGSDEHDINFLMKMALDKIAFIPFSYLVDQWRWRVFDGSITKENYNQEWWSLRLKYQGLCPPVPRTQGDFDPGAKFHIPSSVPYIRYFVSFIIQFQFHEALCQAAGHTGPLHKCDIYQSKEAGQRLATAMKLGFSRPWPEAMQLITGQPNMSASAMLSYFKPLLDWLRTENELHGEKLGWPQYNWTPNS', 'P', 'DRVYIHPF'
'4bta', 'A', 'MHHHHHHHPGFFTSIGQMTDLIHTEKDLVTSLKDYIKAEEDKLEQIKKWAEKLDRLTSTATKDPEGFVGHPVNAFKLMKRLNTEWSELENLVLKDMSDGFISNLTIQRQYFPNDEDQVGAAKALLRLQDTYNLDTDTISKGNLPGVKHKSFLTAEDCFELGKVAYTEADYYHTELWMEQALRQLDEGEISTIDKVSVLDYLSYAVYQQGDLDKALLLTKKLLELDPEHQRANGNLKYFEYIMAKEKDVNKS', 'C', 'PPGPPGPPG'
'4cu4', 'A', 'SAWGPAATIAARQSATGTKTDTPIQKVPQSISVVTAEEMALHQPKSVKEALSYTPGVSVGTRGASNTYDHLIIRGFAAEGQSQNNYLNGLKLQGNFYNDAVIDPYMLERAEIMRGPVSVLYGKSSPGGLLNMVSKRPTTEPLKEVQFKAGTDSLFQTGFDFSDSLDDDGVYSYRLTGLARSANAQQKGSEEQRYAIAPAFTWRPDDKTNFTFLSYFQNEPETGYYGWLPKEGTVEPLPNGKRLPTDFNEGAKNNTYSRNEKMVGYSFDHEFNDTFTVRQNLRFAENKTSQNSVYGYGVCSDPANAYSKQCAALAPADKGHYLARKYVVDDEKLQNFSVDTQLQSKFATGDIDHTLLTGVDFMRMRNDINAWFGYDDSVPLLNLYNPSSHHHHHHGSSVNTDFDFNAKDPANSGPYRILNKQKQTGVYVQDQAQWDKVLVTLGGRYDWADQESLNRVAGTTDKRDDKQFTWRGGVNYLFDNGVTPYFSYSESFEPSSQVGKDGNIFAPSKGKQYEVGVKYVPEDRPIVVTGAVYNLTKTNNLMADPEGSFFSVEGGEIRARGVEIEAKAALSASVNVVGSYTYTDAEYTTDTTYKGNTPAQVPKHMASLWADYTFFDGPLSGLTLGTGGRYTGSSYGDPANSFKVGSYTVVDALVRYDLARVGMAGSNVALHVNNLFDREYVASCFNTYGCFWGAERQVVATATFRF', 'B', 'GGAGHVPEYFVGIGTPISFYG'
'4cy3', 'A', 'GAMGASNKSSLSVKPNYTLKFTLAGHTKAVSAVKFSPNGEWLASSSADKLIKIWGAYDGKFEKTISGHKLGISDVAWSSDSRLLVSGSDDKTLKVWELSTGKSLKTLKGHSNYVFCCNFNPQSNLIVSGSFDESVRIWDVRTGKCLKTLPAHSDPVSAVHFNRDGSLIVSSSYDGLCRIWDTASGQCLKTLIDDDNPPVSFVKFSPNGKYILAATLDNTLKLWDYSKGKCLKTYTGHKNEKYCIFANFSVTGGKWIVSGSEDNMVYIWNLQSKEVVQKLQGHTDTVLCTACHPTENIIASAALENDKTIKLWKSDT', 'D', 'GSDYLCSRARPLVLSE'
'4j86', 'B', 'MKLDIKKTFSNRSDRVKGIDFHPTEPWVLTTLYSGRVEIWNYETQVEVRSIQVTETPVRAGKFIARKNWIIVGSDDFRIRVFNYNTGEKVVDFEAHPDYIRSIAVHPTKPYVLSGSDDLTVKLWNWENNWALEQTFEGHEHFVMCVAFNPKDPSTFASGCLDRTVKVWSLGQSTPNFTLTTGQERGVNYVDYYPLPDKPYMITASDDLTIKIWDYQTKSCVATLEGHMSNVSFAVFHPTLPIIISGSEDGTLKIWNSSTYKVEKTLNVGLERSWCIATHPTGRKNYIASGFDNGFTVLSLG', 'D', 'TFKKTN'
'4k0u', 'A', 'KNTASRSAASVPANEQISQLASLVAASKYLRVQCERSDLPDDGTILKTAVNVAVQKGWDTGRYQSLPQLSENLYQGLLKDGTPKATQCSSFNRTMTPFLDAMRTVR', 'B', 'RTFRQVQSSISDFYD'
'4mn8', 'A', 'QSFEPEIEALKSFKNGISNDPLGVLSDWTIIGSLRHCNWTGITCDSTGHVVSVSLLEKQLEGVLSPAIANLTYLQVLDLTSNSFTGKIPAEIGKLTELNQLILYLNYFSGSIPSGIWELKNIFYLDLRNNLLSGDVPEEICKTSSLVLIGFDYNNLTGKIPECLGDLVHLQMFVAAGNHLTGSIPVSIGTLANLTDLDLSGNQLTGKIPRDFGNLLNLQSLVLTENLLEGDIPAEIGNCSSLVQLELYDNQLTGKIPAELGNLVQLQALRIYKNKLTSSIPSSLFRLTQLTHLGLSENHLVGPISEEIGFLESLEVLTLHSNNFTGEFPQSITNLRNLTVLTVGFNNISGELPADLGLLTNLRNLSAHDNLLTGPIPSSISNCTGLKLLDLSHNQMTGEIPRGFGRMNLTFISIGRNHFTGEIPDDIFNCSNLETLSVADNNLTGTLKPLIGKLQKLRILQVSYNSLTGPIPREIGNLKDLNILYLHSNGFTGRIPREMSNLTLLQGLRMYSNDLEGPIPEEMFDMKLLSVLDLSNNKFSGQIPALFSKLESLTYLSLQGNKFNGSIPASLKSLSLLNTFDISDNLLTGTIPGELLASLKNMQLYLNFSNNLLTGTIPKELGKLEMVQEIDLSNNLFSGSIPRSLQACKNVFTLDFSQNNLSGHIPDEVFQGMDMIISLNLSRNSFSGEIPQSFGNMTHLVSLDLSSNNLTGEIPESLANLSTLKHLKLASNNLKGHVPESGVFKNINASDLMGNTDLCGSKKPLKPCTIKQKSSHHHHHHH', 'C', 'QRLSTGSRINSAKDDAAGLQIA'
'4piq', 'A', 'SGSSEQELAAIVRDLGCGPYFLGTHDKRFPGFLAGNKLACAIVNTAGRETGGVHWLAFGWNPRSRTCYMFDPFGFSDRRLKQIYSFEYEAMLRRSALALSPDRCLSLEQSTQTVQGPDSAACGLFCCMFLHAFVHWPDRPMDGNPTMNLLTGVPNGMLQSPQVLPTLRRNQEKLYRFLAHHSPYFRSHRAAIEHATAFDKMKQL', 'B', 'GVKSLKRRRCY'
'4rs9', 'A', 'QPQFNEDTLQQRLQALIESAGENWTYAIFWQISHDFDSSTGDNTVILGWGDGYYKGEEDKEKKKNNTNTAEQEHRKRVIRELNSLISGGIGVSDESNDEEVTDTEWFFLVSMTQSFVNGVGLPGESFLNSRVIWLSGSGALTGSGCERAGQGQIYGLKTMVCIATQNGVVELGSSEVISQSSDLMHKVNNLFNFN', 'B', 'SVPQARKASLARFLEKRKERLM'
'4tzm', 'A', 'MAPLENNYNESLNKSKDAIDDKTWSKLFPSIVSDPDRSSNFMIRAIYVVFSAVLRQRNILEKEYFSKNYITENLSCMTLSFKNLRAHQIAQLLRAAGDATKDGFLKEISLVVTEHDGDVEAIEVFSMKFIYFENGGVVARLSTDNNDQEDPHFAELAQLRYEGAESVRDQMVTIVRSVQFLCTKVLEPLPAEFTANFRLKYTNDAPSNFRIDGFDDSSTFYTLPDGIQSVTIGHLRPGHHAAHMQCWSKSMSD', 'C', 'TARYGVSNTSINRKKP'
'4w50', 'B', 'GPGNEVTLLDSRSVQGELGWIASPLEGGWEEVSIMDEKNTPIRTYQVCNVMEPSQNNWLRTDWITREGAQRVYIEIKFTLRDCNSLPGVMGTCKETFNLYYYESDNDKERFIRENQFVKIDTIAADESFTQVDIGDRIMKLNTEIRDVGPLSKKGFYLAFQDVGACIALVSVRVFYKKA', 'F', 'APYCVYRGSWSC'
'4x3h', 'A', 'GPLGSPEFPGLDTQIFEDPREFLSHLEEYLRQVGGSEEYWLSQIQNHMNGPAKKWWEFKQGSVKNWVEFKKEFLQYSEG', 'B', 'RIPSYRYRY'
'4xal', 'A', 'MHHHHHHSSGVDLGTENLYFQSMRKLHFSTAPPNPDAPWTPRVAGFNKRVFCAAVGRLAAMHARMAAVQLWDMSRPRTDEDLNELLGITTIRVTVCEGKNLLQRANELVNPDVVQDVDAATATRGRSAASR', 'B', 'SSGVDL'
'4xob', 'A', 'FACKTANGTAIPIGGGSANVYVNLAPVVNVGQNLVVDLSTQIFCHNDYPETITDYVTLQRGSAYGGVLSNFSGTVKYSGSSYPFPTTSETPRVVYNSRTDKPWPVALYLTPVSSAGGVAIKAGSLIAVLILRQTNNYNSDDFQFVWNIYANNDVVVPTGGCDVSARDVTVTLPDYPGSVPIPLTVYCAKSQNLGYYLSGTTADAGNSIFTNTASFSPAQGVGVQLTRNGTIIPANNTVSLGAVGTSAVSLGLTANYARTGGQVTAGNVQSIIGVTFVYQ', 'B', 'ADSTITIRGYVRDNG'
'4z2o', 'A', 'FADDHAMSPDMKLLAGASNWVNQSGSVAQFVFTPSPTQPQTYEVSGNYINNAQGTGCKGTPYPLSGAYYSGNQIISFSVVWSNASANCQSATGWTGYFDFSGSQAVLKTDWNLAFYSGSTPAIQQGQDDFMQSV', 'P', 'SVATVSESLLTE'
'5a29', 'A', 'MGSSHHHHHHSSGLVPRGSHAMADYTEQDAMRVQAVKTYIDNVLQEGRSQIKTTPLLADGINTTTRKPVEWIYPDGRTATISNFANQQNFLRALTAMSVVTEDQRYQLEAVRITRYFMDNFIADNGLFYWGGHRFVNLDTLELEGPQNKNSVHELKNHYPYYPFLYHVDPHATERYIKAFWQAHVEDWQSLDMGRHGSYSKNYDDKVFHRPIPASLVDQSKLPIMPETKGLTFINAGSDLIYAAYQLDWLAPSANAQGSAAWGQYLMTQYKLAKHPKTGAPVYQFTSPKKREWPPQSDKDTNSKYGDRAARQFGPELGNIAREGNVLFKSNDKSIVFNNALIELHLAEQRNDAAIREQVVDALLNFYRLAYNPENGTIKPIFSDGTSIEGIPLARDGYYGPKGRVFNAHKPKTEEYLLPILRAYRLQADPELWQLAANMTHHYGWGSLGNDAKAKPTLNMQLSSVSPMTLFSAIELYQITQQPEYLEFARAAADKLVEKRFVRGYFLANPRYLNASIDAIEPLALLTLDATLKGKTAQVAPYLSGSGYIHGEFAGKENAYDTNEIYKQTR', 'B', 'HHHHHHHSSGLVPRGSHA'
'5frs', 'A', 'GAMAKGAVTKLKFNSPIISTSDQLISTNELLDRLKALHEELASLDQDNTDLTGLDKYRDALVSRKLLKHKDVGIRAFTACCLSDILRLYAPDAPYTDAQLTDIFKLVLSQFEQLGDQENGYHIQQTYLITKLLEYRSIVLLADLPSSNNLLIELFHIFYDPNKSFPARLFNVIGGILGEVISEFDSVPLEVLRLIFNKFLTYNPNEIPEGLNVTSDCGYEVSLILCDTYSNRMSRHLTKYYSEIIHEATNDDNNSRLLTVVVKLHKLVLRLWETVPELINAVIGFIYHELSSENELFRKEATKLIGQILTSYSDLNFVSTHSDTFKAWISKIADISPDVRVEWTESIPQIIATREDISKELNQALAKTFIDSDPRVRRTSVMIFNKVPVTEIWKNITNKAIYTSLLHLAREKHKEVRELCINTMAKFYSNSLNEIERTYQNKEIWEIIDTIPSTLYNLYYINDLNINEQVDSVIFEYLLPFEPDNDKRVHRLLTVLSHFDKKAFTSFFAFNARQIKISFAISKYIDFSKFLNNQESMSSSQGPIVMNKYNQTLQWLASGLSDSTKAIDALETIKQFNDERIFYLLNACVTNDIPFLTFKNCYNELVSKLQTPGLFKKYNISTGASIMPRDIAKVIQILLFRASPIIYNVSNISVLLNLSNNSDAKQLDLKRRILDDISKVNPTLFKDQIRTLKTIIKDLDDPD', 'C', 'LMMEDAVTEREVLVTPG'
'5fxc', 'H', 'QVQLQESGGGLVQPGGSMKLSCVASGFTFSNYWMNWVRQSPEKGLEWVAEIRLKSNNYATHYAESVKGRFTISRDDSKSSVYLQMNNLRAEDTGIYYCTGVGQFAYWGQGTTVTVSSSSGGGGSGGGGGSSGSSDIVVTQESALTTSPGETVTLTCRSSTGAVTTSNYANWVQEKPDHLFTGLIGGTNNRAPGVPARFSGSLIGDKAALTITGAQTEDEAIYFCALWYSNHWVFGGGTKLTVLG', 'P', 'APDTRP'
'5gr9', 'B', 'KFSPQLLSLLSLKTSLSGPPSAFQDWKVPVNGQNDAVWCSWSGVVCDNVTAQVISLDLSHRNLSGRIPIQIRYLSSLLYLNLSGNSLEGSFPTSIFDLTKLTTLDISRNSFDSSFPPGISKLKFLKVFNAFSNNFEGLLPSDVSRLRFLEELNFGGSYFEGEIPAAYGGLQRLKFIHLAGNVLGGKLPPRLGLLTELQHMEIGYNHFNGNIPSEFALLSNLKYFDVSNCSLSGSLPQELGNLSNLETLFLFQNGFTGEIPESYSNLKSLKLLDFSSNQLSGSIPSGFSTLKNLTWLSLISNNLSGEVPEGIGELPELTTLFLWNNNFTGVLPHKLGSNGKLETMDVSNNSFTGTIPSSLCHGNKLYKLILFSNMFEGELPKSLTRCESLWRFRSQNNRLNGTIPIGFGSLRNLTFVDLSNNRFTDQIPADFATAPVLQYLNLSTNFFHRKLPENIWKAPNLQIFSASFSNLIGEIPNYVGCKSFYRIELQGNSLNGTIPWDIGHCEKLLCLNLSQNHLNGIIPWEISTLPSIADVDLSHNLLTGTIPSDFGSSKTITTFNVSYNQLIGPIPSGSFAHLNPSFFSSNEGLCGDLVGKPCN', 'C', 'HEVPSGPNPISN'
'5jiu', 'B', 'LAAGPGPAGGAPTPALVAGSSAAAPFPHGDSALNEQEKELQRRLKRLYPAVDEQETPLPRSWSPKDKFSYIGLSQNNLRVHYKGHGKTPKDAASVRATHPIPAACGIYYFEVKIVSKGRDGYMGIGLSAQGVNMNRLPGWDKHSYGYHGDDGHSFCSSGTGQPYGPTFTTGDVIGCCVNLINNTCFYTKNGHSLGIAFTDLPPNLYPTVGLQTPGEVVDANFGQHPFVFDIEDYMREWRTKIQ', 'D', 'KSETEGGESSDSQGPKVTYI'
'5l9b', 'A', 'GSHMASPNGQTKPLPALKLALEYIVPAMNKHGICVVDDFLGKETGQQIGDEVRALHDTGKFTDGQLVSQKSDSSKDIRGDKITWIEGKEPGCETIGLLMSSMDDLIRHCNGKLGSYKINGRTKAMVACYPGNGTGYVRHVDNPNGDGRCVTCIYYLNKDWDAKVSGGILRIFPEGKAQFADIEPKFDRLLFFWSDRRNPHEVQPAYATRYAITVWYFDADERAAAKVKYLTGEKGVRVELNKPSDSVGKDVF', 'C', 'DLDLEMLAPYIPMDDDFQL'
'5lm1', 'A', 'PMAAHEASSLYSEEKAKLLREMMAKIEDKNEVLDQFMDSMQLDPETVDNLDAYSHIPPQLMEKCAALSVRPDTVRNLVQSMQVLSGVFTDVEASLKDIRDLLEEDELLEQKFQEAVGQAGAISITSKAELAEVRREWAKYMEVHEKASFTNSELHRAMNLHVGNLRLLSGPLDQVRAALPTPALSPEDKAVLQNLKRILAKVQEMRDQRVSLEQQLRELIQKDDITASLVTTDHSEMKKLFEEQLKKYDQLKVYLEQNLAAQDRVLCALTEANVQYAAVRRVLSDLDQKWNSTLQTLVASYEAYEDLMKKSQEGRDFYADLESKVAALLERTQSTCQAREAARQQLLDRELK', 'B', 'SNIKSLSFPKLDSDDSNQKT'
'5n85', 'A', 'GSHMVGQLSRGAIAAIMQKGDTNIKPILQVINIRPITTGNSPPRYRLLMSDGLNTLSSFMLATQLNPLVEEEQLSSNCVCQIHRFIVNTLKDGRRVVILMELEVLKSAEAVGVKIGNPVPYNE', 'B', 'DNGIDDAYFLEATED'
'5njx', 'A', 'GPLGSMTTDEGAKNNEESPTATVAEQGEDITSKKDRGVLKIVKRVGNGEETPMIGDKVYVHYKGKLSNGKKFDSSHDRNEPFVFSLGKGQVIKAWDIGVATMKKGEICHLLCKPEYAYGSAGSLPKIPSNATLFFEIELLDFKGEDLFEDGGIIRRTKRKGEGYSNPNEGATVEIHLEGRCGGRMFDCRDVAFTVGEGEDHDIPIGIDKALEKMQREEQCILYLGPRYGFGEAGKPKFGIEPNAELIYEVTLKSFEKAKESWEMDTKEKLEQAAIVKEKGTVYFKGGKYMQAVIQYGKIVSWLEMEYGLSEKESKASESFLLAAFLNLAMCYLKLREYTKAVECCDKALGLDSANEKGLYRRGEAQLLMNEFESAKGDFEKVLEVNPQNKAARLQISMCQKKAKEHNERDRRIYANMFKKFAEQDAKEEANKAMGKKTSEGVTNEKGTDSQAMEEEKPEGHV', 'B', 'HHHHHHDDTSRMEEVD'
'5onp', 'A', 'ITGTSTVGVGRGVLGDQKNINTTYSTYYYLQDNTRGNGIFTYDAKYRTTLPGSLWADADNQFFASYDAPAVDAHYYAGVTYDYYKNVHNRLSYDGNNAAIRSSVHYSQGYNNAFWNGSQMVYGDGDGQTFIPLSGGIDVVAHELTHAVTDYTAGLIYQNESGAINEAISDIFGTLVEFYANKNPDWEIGEDVYTPGISGDSLRSMSDPAKYGDPDHYSKRYTGTQDNGGVHINSGIINKAAYLISQGGTHYGVSVVGIGRDKLGKIFYRALTQYLTPTSNFSQLRAAAVQSATDLYGSTSQEVASVKQAFDAVGVK', 'B', 'GAIIG'
'5vao', 'C', 'GPKITLLTLIKTAEHWARQDIRTIEDSKLRALLTLCAVMTRKFSKSQLSLLCETHLRREGLGQDQAEPVLEVYQRLHSDKGGSFEAALWQQWDRQSLIMFITAFLNIALQLPCESSAVVVSGLRTLVPQ', 'H', 'PTVAPPAPVYR'
'5wir', 'B', 'SEDAGLVAEAEAVAAGWMLDFLCLSLCRAFRDGRSEDFRRTRNSAEAIIHGLSSLTACQLRTIYICQFLTRIAAGKTLDAQFENDERITPLESALMIWGSIEKEHDKLHEEIQNLIKIQAIAVCMENGNFKEAEEVFERIFGDPNSHMPFKSKLLMIISQKDTFHSFFQHFSYNHMMEKIKSYVNYVLSEKSSTFLMKAAAKVVE', 'D', 'SKKILLTPRRRQRLS'
'5y59', 'B', 'SSESTTFIVDVSPSMMKNNNVSKSMAYLEYTLLNKSKKSRKTDWISCYLANCPVSENSQEIPNVFQIQSFLAPVTTTATIGFIKRLKQYCDQHSHDSSNEGLQSMIQCLLVVSLDIKQQFQARKILKQIVVFTDNLDDLDITDEEIDLLTEELSTRIILIDCGKDTQEERKKSNWLKLVEAIPNSRIYNMNELLVEITS', 'C', 'NSKLLSLLRSKT'
'5yc2', 'A', 'GPETHINLKVSDGSSEIFFKIKKTTPLRRLMEAFAKRQGKEMDSLRFLYDGIRIEADQTPEDLDMEDNDIIEAHRSLPAERNPLYKDDTLDHTPLIPKCRAQVIEFPDGPATFVRLKCTNPESKVPHFLMRMAKDSSISATSMFRSAFPKATQEEEDLEMRWIRDNLNPIEDKRVAGLWVPPADALALAKDYSMTPFINALLEASST', 'B', 'GPLDDEEAFEKQVTSSYS'
'6a30', 'A', 'ERFVKLLDQLHNSLRIDLSMYRNNFPASSPERLQDLKSTVDLLTSITFFRMKVQELQSPPRASQVVKDCVKACLNSTYEYIFNNCHELYGREYQTDPAKKGEVPPEEQGPSIKNLDFWSKLITLIVSIIEEDKNSYTPCLNQFPQELNVGKISAEVMWSLFAQDMKYAMEEHDKHRLCKSADYMNLHFKVKWLYNEYVAELPTFKDRVPEYPAWFEPFVIQWLDENEEVSRDFLHGALERDKKDGFQQTSEHALFSCSVVDVFSQLNQSFEIIKKLECPDPQIVGHYMRRFAKTISNVLLQYADIVSKDFASYCSKEKEKVPCILMNNTQQLRVQLEKMFEAMGGKELDAEASGTLKELQVKLNNVLDELSHVFATSFQPHIEECVRQMGDILSQVKGTGNVPASACSSVAQDADNVLQPIMDLLDSNLTLFAKICEKTVLKRVLKELWKLVMNTMERTIVLPPEFSKLKDHMVREEAKSLTPKQCAVVELALDTIKQYFHAGGVGLKKTFLEKSPDLQSLRYALSLYTQATDLLIK', 'P', 'KYWWKN'
'6fq4', 'A', 'MGSSHHHHHHSSGLVPRGSHMMPVFHTRTIESILEPVAQQISHLVIMHEEGEVDGKAIPDLTAPVSAVQAAVSNLVRVGKETVQTTEDQILKRDMPPAFIKVENACTKLVRAAQMLQADPYSVPARDYLIDGSRGILSGTSDLLLTFDEAEVRKIIRVCKGILEYLTVAEVVETMEDLVTYTKNLGPGMTKMAKMIDERQQELTHQEHRVMLVNSMNTVKELLPVLISAMKIFVTTKNTKSQGIEEALKNRNFTVEKMSAEINEIIRVLQLTSWDEDAWA', 'B', 'LLEAARNTTTMLSKTLSKVC'
'6g86', 'B', 'MRRSVYLDNTIEFLRGRVYLGAYDYTPEDTDELVFFTVEDAIFYNSFHLDFGPMNIGHLYRFAVIFHEILNDPENANKAVVFYSSASTRQRANAACMLCCYMILVQAWTPHQVLQPLAQVDPPFMPFRDAGYSNADFEITIQDVVYGVWRAKEKGLIDLHSFNLESYEKYEHVEFGDFNVLTPDFIAFASPQEDHPKGYLATKSSHLNQPFKSVLNFFANNNVQLVVRLNSHLYNKKHFEDIGIQHLDLIFEDGTCPDLSIVKNFVGAAETIIKRGGKIAVHCKAGLGRTGCLIGAHLIYTYGFTANECIGFLRFIRPGMVVGPQQHWLYLHQNDFREWKYTTRISLKPSEAIGGLYPLISLEEYRLQKKKLKD', 'C', 'PSTTKSFKNAPLLAPP'
'6hgt', 'D', 'SMASESETLNPSARIMTFYPTMEEFRNFSRYIAYIESQGAHRAGLAKVVPPKEWKPRASYDDIDDLVIPAPIQQLVTGQSGLFTQYNIQKKAMTVREFRKIANSDKYCTPRYSEFEELERKYWKNLTFNPPIYGADVNGTLYEKHVDEWNIGRLRTILDLVEKESGITIEGVNTPYLYFGMWKTSFAWHTEDMDLYSINYLHFGEPKSWYSVPPEHGKRLERLAKGFFPGSAQSCEAFLRHKMTLISPLMLKKYGIPFDKVTQEAGEFMITFPYGYHAGFNHGFNCAESTNFATRRWIEYGKQAVLCSCRKDMVKISMDVFVRKFQPERYKLWKAGKDNTVIDHTLPTPEAAEFLKESEL', 'H', 'TKQTARRSTGGKAPR'
'6j0x', 'A', 'MSTSLLFEQLNFLILVAAEAELPIAHSTRKLLMDNSCNNCQIYELYNENLKDVKTDKDWFMNKFGPQTVHFVISNTINFPFYKIVYFDLLIPVVSHTWVQDSVKTKRHLRTNMYSPNPFHLLRDCQVYISKSSFNKCEYILYSDLLHLLGGTLVNYISNRTTHVIVQSPQDPIIATVSKLTFGSFSSSSTNKHTEKPLREWKFVYPIWILYHFKMAKPLKGELATLCELDMQDTSEEQLFAKWEEVIGDKQTSSSQLTLHPNKTLFKNHHFAISPDLNFFTPLYWFLKGFIEDLDGKVTPLSFSDDLKSVYQAFPDIDCYIGHSANSPILEKTKSIKPEIHVGNVSWLFYMFALQKFTPVSQCKLIHQPFHAKLFTSKELTVAYTNYFGSQRFYIQRLVEILGGLSTPELTRKNTHLITKSTIGKKFKVAKKWSLDPQNAIIVTNHMWLEQCYMNNSKLNPKDSRFQNFKLDDNMGWNIGQIGMDHSSLPTPKNLSMVTYDTQSISEKPPPTN', 'E', 'SIIYEPEFNENYLWAE'
'6mlc', 'A', 'GSVWCRHCGATSAGLRCEWQNNYTQCAPCASLSSCPVCYRNYREEDLILQCRQCDRWMHAVCQNLNTEEEVENVADIGFDCSMCRPYMPASN', 'E', 'SGRGKGGKGLGKGGAKRHRK'
'6n3e', 'A', 'GSMRHERVVIIKNMFHPMDFEDDPLVLNEIREDLRVECSKFGQIRKLLLFDRHPDGVASVSFRDPEEADYCIQTLDGRWFGGRQITAQAWDGTTDY', 'B', 'NRWDETP'
'6pj8', 'A', 'MGSSHHHHHHSSGLVPRGSHMAALRERAGPVTWVMMIACVVVFIAMQILGDQEVMLWLAWPFDPTLKFEFWRYFTHALMHFSLMHILFNLLWWWYLGGAVEKRLGSGKLIVITLISALLSGYVQQKFSGPWFGGLSGVVFALMGYVWLRGERDPQSGIYLQRGLIIFALIWIVAGWFDLFGMSMANGAHIAGLAVGLAMAFVDSLNARKRK', 'B', 'AVRMA'
'6qg8', 'A', 'MSQDNREIVMKYISYKLSQRGYEWDAGDVEENRTEAPEGTESEVVHQTLRQAGDDFSLRYRRDFAEMSSQLHLTPGTAYASFATVVEELFRDGVNWGRIVAFFEFGGVMCVESVNREMSVLVDNIAAWMATYLNDHLHTWIQDNGGWDAFVELYGNNAAAESRKGQERFLEHHHHHH', 'B', 'RGEEEQWAREIGAQLRRMADDLN'
'6sa8', 'A', 'GPGSGGGGSCLGKKLLEAARAGQDDEVRILLANGADVNTADETGFTPLHLAAWEGHLGIVEVLLKNGADVNANDERGHTPLHLAAYTGHLEIVEVLLKNGAGVNATDVIGTAPLHLAAMWGHLEIVEVLLKNGADPKAQDKFGKTPKDLAKDNGHEDVAKLIDKKAQEEEEEEEKKKKILKDLVKKLSSPNENELQNALWTLGNIASGGNEQIQAVIDAGALPALVQLLSSPNEQILQEALWALSNIASGGNEQIQAVIDAGALPALVQLLSSPNEQILQEALWALSNIASGGNEQIQAVIDAGALPALVQLLSSPNEQILQEALWALSNIASGGNEQIQAVIDAGALPALVQLLSSPNEQILQEALWALSNIASGGNEQIQAVIDAGALPALVQLLSSPNEQILQEALWALSNIASGGNEQIQAVIDAGALPALVQLLSSPNEQILQEALWALSNIASGGNEQIQAVIDAGALPALVQLLSSPNEQIQDEAEKTLLNIANGSEEQQKAVYDAGALKYLLIIAAKRGFADRVRLYLRLGADQNTADETGFTPLHLAAWEGHLGIVEVLLKNGADVNANDERGHTPLHLAAYTGHLEIVEVLLKNGAGVNATDVIGTAPLHLAAMCGHLEIVEVLLKNGADVNAQDKFGKTPFDLAIDNGNEDIAEVLQKAA', 'B', 'KRKRKRKRKR'
